<?xml version="1.0" encoding="UTF-8"?>
<project-private xmlns="http://www.netbeans.org/ns/project-private/1">
    <editor-bookmarks xmlns="http://www.netbeans.org/ns/editor-bookmarks/2" lastBookmarkId="0"/>
    <open-files xmlns="http://www.netbeans.org/ns/projectui-open-files/2">
        <group>
            <file>file:/C:/Users/gasin/Desktop/projeto_POO/AutoEscola/src/autoescola/Avaliacao.java</file>
            <file>file:/C:/Users/gasin/Desktop/projeto_POO/AutoEscola/src/autoescola/controllers/AlunosJpaController.java</file>
            <file>file:/C:/Users/gasin/Desktop/projeto_POO/AutoEscola/src/autoescola/JFrameAlunos.java</file>
            <file>file:/C:/Users/gasin/Desktop/projeto_POO/AutoEscola/src/autoescola/Cnh.java</file>
            <file>file:/C:/Users/gasin/Desktop/projeto_POO/AutoEscola/src/autoescola/JFrameExame.java</file>
            <file>file:/C:/Users/gasin/Desktop/projeto_POO/AutoEscola/src/autoescola/controllers/CnhJpaController.java</file>
            <file>file:/C:/Users/gasin/Desktop/projeto_POO/AutoEscola/src/autoescola/AutoEscola.java</file>
            <file>file:/C:/Users/gasin/Desktop/projeto_POO/AutoEscola/src/autoescola/Alunos.java</file>
            <file>file:/C:/Users/gasin/Desktop/projeto_POO/AutoEscola/src/autoescola/AgendamentoAula.java</file>
            <file>file:/C:/Users/gasin/Desktop/projeto_POO/AutoEscola/src/autoescola/controllers/AgendamentoAulaJpaController.java</file>
            <file>file:/C:/Users/gasin/Desktop/projeto_POO/AutoEscola/src/autoescola/Instrutor.java</file>
        </group>
    </open-files>
</project-private>
